date,weekday,d1_kwh,d2_kwh
2026-09-01,Tue,91.99,96.49
2026-09-02,Wed,95.91,104.05
2026-09-03,Thu,87.79,102.50
2026-09-04,Fri,102.31,103.41
2026-09-05,Sat,82.81,97.34
2026-09-06,Sun,67.60,102.05
2026-09-07,Mon,98.51,98.44
2026-09-08,Tue,96.15,98.63
2026-09-09,Wed,93.98,101.52
2026-09-10,Thu,94.14,102.63
2026-09-11,Fri,99.69,100.61
2026-09-12,Sat,82.41,98.12
2026-09-13,Sun,68.22,97.52
2026-09-14,Mon,99.41,104.33
2026-09-15,Tue,95.61,101.78
2026-09-16,Wed,92.67,102.16
2026-09-17,Thu,93.47,106.55
2026-09-18,Fri,99.03,97.55
2026-09-19,Sat,80.33,107.68
2026-09-20,Sun,64.64,109.45
2026-09-21,Mon,97.85,104.86
2026-09-22,Tue,97.50,102.48
2026-09-23,Wed,94.12,98.01
2026-09-24,Thu,94.43,102.98
2026-09-25,Fri,99.39,98.67
2026-09-26,Sat,86.64,99.94
2026-09-27,Sun,66.45,99.13
2026-09-28,Mon,105.13,100.85
2026-09-29,Tue,90.33,103.86
2026-09-30,Wed,95.66,98.33
